<?xml version="1.0"?>
<favourites progdb_version="1.0.0">
  <fav name="Main Italian" block="0" />
  <fav name="===  22 Oct 2020 © by Morpheus883  ###" block="0" />
  <fav name="[30.0 W]   Meo" block="0" />
  <fav name="[30.0 W]   Nos" block="0" />
  <fav name="[5.0 W]   Bis / Orange / Fransat" block="0" />
  <fav name="[4.0 W]   Magio TV" block="0" />
  <fav name="[0.8 W]   Canal Digital Nordic" block="0" />
  <fav name="[0.8 W]   Focus Sat" block="0" />
  <fav name="[0.8 W]   RCS DigiTV" block="0" />
  <fav name="[0.8 W]   UPC Direct" block="0" />
  <fav name="[7.0 E]   Digitürk" block="0" />
  <fav name="[9.0 E]   OTE" block="0" />
  <fav name="[13.0 E]   Cyfrowy Polsat" block="0" />
  <fav name="[13.0 E]   NC+/Orange PL" block="0" />
  <fav name="[13.0 E]   Nova" block="0" />
  <fav name="[13.0 E]   Sky Italia" block="0" />
  <fav name="[16.0 E]   Total TV" block="0" />
  <fav name="[19.2 E]   CanalSat" block="0" />
  <fav name="[19.2 E]   Orange FR" block="0" />
  <fav name="[19.2 E]   Movistar+" block="0" />
  <fav name="[19.2 E]   HD +/Sky D/ARD" block="0" />
  <fav name="[19.2 E]   Canal Digitaal/TV Vlaanderen" block="0" />
  <fav name="[23.5 E]   Canal Digitaal/TV Vlaanderen" block="0" />
  <fav name="[23.5 E]   CS Link/SkyLink" block="0" />
  <fav name="[28.2 E]   Freesat" block="0" />
  <fav name="[28.2 E]   Sky Digital" block="0" />
  <fav name="[31.5 E]   MagtiSat" block="0" />
  <fav name="[31.5 E]   Orange Romania" block="0" />
  <fav name="[39.0 E]   Bulsatcom" block="0" />
  <fav name="[39.0 E]   Dolce TV" block="0" />
  <fav name="[42.0 E]   D-Smart" block="0" />
  <fav name="[42.0 E]   Türksat" block="0" />
</favourites>
